"Name","Phone"
"Amrit Residency (Only Girls Pg)","08904947958"
"Manshi PG & Residency","08904985693"
"The Platinum Pg","09972431799"
"Welcome Luxury Pg","08460207239"
"Pushpanjali Premium Luxury Pg","09980643760"
"Sector Residency Pg","08128035069"
"Daaksh Pg","08460493690"
"Lakshita Girl Pg","08488828463"
"Radhika Pg Gurgaon","09845206614"
"Jyoti Girls & Boys PG","07411589518"
"Elegant Room Girls Pg","09725565925"
"Bhardwaj Bharat Pg","09980872909"
"Gold Homes","07383109535"
"Virat Homes 39","08123170374"
"Cloud Nine Rooms","08460231281"
"Rao Pg","08105733681"
"Harshita Girls Pg","09725987741"
"Rama Residency","09845212874"
"UPTOWN SMART LIVING","08735907003"
"Shree Shyam Pg","07043412874"
